{
  "project_info": {
    "project_number": "1064186573045",
    "firebase_url": "https://app1-368e2.firebaseio.com",
    "project_id": "app1-368e2",
    "storage_bucket": "app1-368e2.appspot.com"
  },
  "client": [
    {
      "client_info": {
        "mobilesdk_app_id": "1:1064186573045:android:7170d9b4422eae46dd15bc",
        "android_client_info": {
          "package_name": "com.application.dd"
        }
      },
      "oauth_client": [
        {
          "client_id": "1064186573045-6da1cv854tnd73lp35sl3nlh3nfq16er.apps.googleusercontent.com",
          "client_type": 3
        }
      ],
      "api_key": [
        {
          "current_key": "AIzaSyDrNRcCWdF8-vQwOkFxNwQr9sSHoXwLFO4"
        }
      ],
      "services": {
        "appinvite_service": {
          "other_platform_oauth_client": [
            {
              "client_id": "1064186573045-6da1cv854tnd73lp35sl3nlh3nfq16er.apps.googleusercontent.com",
              "client_type": 3
            }
          ]
        }
      }
    },
    {
      "client_info": {
        "mobilesdk_app_id": "1:1064186573045:android:fccc7739f0292a17dd15bc",
        "android_client_info": {
          "package_name": "com.example.login"
        }
      },
      "oauth_client": [
        {
          "client_id": "1064186573045-fk8u2i5om2dtr5cfna8319g19fe1k7o1.apps.googleusercontent.com",
          "client_type": 1,
          "android_info": {
            "package_name": "com.example.login",
            "certificate_hash": "423bba7a269d9d31457bf0fca278a32c33420b8c"
          }
        },
        {
          "client_id": "1064186573045-6da1cv854tnd73lp35sl3nlh3nfq16er.apps.googleusercontent.com",
          "client_type": 3
        }
      ],
      "api_key": [
        {
          "current_key": "AIzaSyDrNRcCWdF8-vQwOkFxNwQr9sSHoXwLFO4"
        }
      ],
      "services": {
        "appinvite_service": {
          "other_platform_oauth_client": [
            {
              "client_id": "1064186573045-6da1cv854tnd73lp35sl3nlh3nfq16er.apps.googleusercontent.com",
              "client_type": 3
            }
          ]
        }
      }
    }
  ],
  "configuration_version": "1"
}