{
  "project_info": {
    "project_number": "73809184414",
    "firebase_url": "https://m-ganga.firebaseio.com",
    "project_id": "m-ganga",
    "storage_bucket": "m-ganga.appspot.com"
  },
  "client": [
    {
      "client_info": {
        "mobilesdk_app_id": "1:73809184414:android:cc22c43fcaf7060cfb5d8f",
        "android_client_info": {
          "package_name": "com.example.dd"
        }
      },
      "oauth_client": [
        {
          "client_id": "73809184414-fqr4cpfcteh90ueis670hfk0rv92urge.apps.googleusercontent.com",
          "client_type": 3
        }
      ],
      "api_key": [
        {
          "current_key": "AIzaSyD5VbrZB2LoWqclFw-wv7mfgGCjWWgiP3A"
        }
      ],
      "services": {
        "appinvite_service": {
          "other_platform_oauth_client": [
            {
              "client_id": "73809184414-fqr4cpfcteh90ueis670hfk0rv92urge.apps.googleusercontent.com",
              "client_type": 3
            }
          ]
        }
      }
    }
  ],
  "configuration_version": "1"
}